id_coder,full_name,document_id,birth_date,status,withdrawal_date,average,id_clan
1,Catalina Diez Mena,95440016,2007-07-01,WITHDRAWN,2007-07-01,,1
2,Simón del Botella,95818288,2006-12-02,ACTIVE,2025-12-20,,1
3,Federico Ramón-Diéguez,83690403,2004-04-10,WITHDRAWN,2004-04-10,,1
4,Nerea Alegre Tudela,80841116,2004-09-18,COMPLETED,2026-02-27,8.56,1
5,Liliana Lluch Múgica,91232119,2003-10-11,ACTIVE,2025-04-11,,1
6,Antonio Wallace,94364263,2006-04-24,WITHDRAWN,2006-04-24,,1
7,Amy Schaefer,99673472,2004-03-27,ACTIVE,2025-06-28,,1
8,Marcos Palomino,84007328,2002-03-11,ACTIVE,2025-08-01,,1
9,Kimberly Quinn,89532198,2003-08-07,COMPLETED,2025-12-12,6.79,1
10,Jeremy Turner,82973554,2008-08-08,ACTIVE,2026-03-09,,1
11,Erica Hughes,93635742,2009-05-22,COMPLETED,2025-12-02,7.75,1
12,Wesley Porter,95159575,2007-12-09,ACTIVE,2025-10-02,,1
13,Sandra Smith,96195023,2005-02-19,ACTIVE,2025-03-19,,1
14,Bridget Nguyen,90900570,2006-09-26,ACTIVE,2025-04-07,,1
15,Thomas Cole,91400950,2008-01-03,ACTIVE,2025-04-18,,1
16,María Luisa Román Cabezas,97068979,2005-03-18,WITHDRAWN,2005-03-18,,2
17,Renee Gomez,94691201,2009-02-15,ACTIVE,2025-05-13,,2
18,Sharon Wade,91464975,2004-09-16,ACTIVE,2025-05-05,,2
19,Albino Granados Guardia,94290844,2005-09-01,WITHDRAWN,2005-09-01,,2
20,Krista Gutierrez,85520056,2001-07-24,ACTIVE,2025-05-20,,2
21,Dr. Scott Smith,94554751,2006-04-21,ACTIVE,2025-07-21,,2
22,Shelby Olsen,96869614,2009-12-29,WITHDRAWN,2009-12-29,,2
23,Vanessa Fisher,99249883,2006-04-20,ACTIVE,2025-08-05,,2
24,Eliana Navarrete Rosselló,95166852,2004-06-24,ACTIVE,2026-01-11,,2
25,Teodora Barceló Barroso,99437894,2002-05-14,ACTIVE,2025-04-07,,2
26,Kelly Daniels,96159992,2003-12-11,WITHDRAWN,2003-12-11,,2
27,Patrick Silva,95209788,2005-01-21,ACTIVE,2025-04-08,,2
28,Dionisia del Benavent,84127629,2002-02-06,ACTIVE,2025-10-30,,2
29,Simón Blanca Fonseca,99537332,2007-01-25,ACTIVE,2025-08-25,,2
30,Máxima Valcárcel Novoa,97582037,2005-06-08,ACTIVE,2025-05-16,,2
31,Yvette Cunningham,89242028,2009-12-22,COMPLETED,2025-11-30,7.14,3
32,John Reese,89856442,2007-12-15,ACTIVE,2025-10-20,,3
33,Paulino Alvarez Querol,80860328,2004-03-31,ACTIVE,2026-01-11,,3
34,Elías Simón Baró Salvador,81956981,2005-08-25,COMPLETED,2025-07-27,8.87,3
35,Garrett Hernandez,87131259,2001-04-22,COMPLETED,2025-06-15,8.15,3
36,Rodolfo Múgica,91055868,2003-02-28,WITHDRAWN,2003-02-28,,3
37,Luisa Prada-Blazquez,81458032,2008-05-17,ACTIVE,2025-11-12,,3
38,Fanny del Sierra,88903419,2002-03-02,ACTIVE,2025-12-13,,3
39,Brian Carroll,80335934,2005-04-14,ACTIVE,2025-11-10,,3
40,Robert Ward,82111146,2001-04-16,ACTIVE,2026-01-25,,3
41,David Hardin,81316301,2005-03-15,COMPLETED,2025-05-04,7.03,3
42,Marcia Merino Ramírez,86630768,2003-07-29,ACTIVE,2025-04-26,,3
43,Benito Fabián Sáenz Peñalver,86304697,2004-01-24,ACTIVE,2026-03-05,,3
44,Paloma Arjona Tamarit,97281153,2002-08-24,ACTIVE,2026-02-16,,3
45,Enrique Cortés Fiol,82478748,2007-05-21,ACTIVE,2025-09-12,,3
46,Toño Guzmán Escalona,81237335,2008-11-28,ACTIVE,2025-10-24,,4
47,Lindsey Sellers,85908083,2005-03-14,WITHDRAWN,2005-03-14,,4
48,Jared Rogers,95882114,2002-09-07,ACTIVE,2025-11-12,,4
49,Santiago Valderrama-Ramis,88017239,2008-09-26,ACTIVE,2025-09-13,,4
50,Amber Jennings,97209754,2009-09-01,COMPLETED,2026-02-15,7.86,4
51,Hugo Villena Varela,99482955,2008-04-08,ACTIVE,2025-08-15,,4
52,Tiburcio Heras,80393517,2002-02-06,WITHDRAWN,2002-02-06,,4
53,Fidel del Ocaña,85527325,2001-07-07,ACTIVE,2025-05-06,,4
54,Dan Bennett,95348552,2004-12-30,ACTIVE,2025-06-18,,4
55,Jerry Obrien,87740896,2008-10-03,ACTIVE,2025-03-26,,4
56,Virginia Smith,87776414,2006-11-11,ACTIVE,2025-04-18,,4
57,Daisy Perez,90594414,2008-02-24,WITHDRAWN,2008-02-24,,4
58,Juana Molins Aguirre,97386122,2009-07-02,WITHDRAWN,2009-07-02,,4
59,Graciano del Marí,96291779,2001-06-11,WITHDRAWN,2001-06-11,,4
60,Cesar Parra Nebot,83175613,2005-09-29,ACTIVE,2025-06-21,,4
61,Marisol Salmerón Fortuny,81866646,2007-05-22,ACTIVE,2025-07-21,,5
62,Lucio Pont Gallardo,92154317,2008-06-29,ACTIVE,2026-01-25,,5
63,Devin Riley,95197976,2004-07-21,COMPLETED,2025-10-02,6.36,5
64,Mercedes Perla Bravo Chamorro,92843869,2002-09-20,WITHDRAWN,2002-09-20,,5
65,Zoraida Aragón-Ramis,96363797,2008-06-04,ACTIVE,2025-10-06,,5
66,Thomas Weaver,80771074,2007-06-08,ACTIVE,2025-05-24,,5
67,Alexander Young,81116377,2008-04-29,WITHDRAWN,2008-04-29,,5
68,Luz Zamorano-Molina,80694019,2004-12-05,ACTIVE,2025-05-24,,5
69,Charles Dunlap,89590386,2008-11-24,ACTIVE,2026-02-12,,5
70,Vanesa del Santiago,84322219,2003-10-29,ACTIVE,2026-03-01,,5
71,Sarah Mitchell,80572504,2008-10-29,ACTIVE,2025-08-20,,5
72,Olalla Arévalo Serra,80010459,2002-08-28,ACTIVE,2025-11-03,,5
73,Natanael Sacristán Ochoa,91494683,2007-03-28,ACTIVE,2025-09-22,,5
74,Jason Brown,84012005,2002-05-02,ACTIVE,2025-08-11,,5
75,Espiridión Fernández-Quintero,86606361,2010-01-30,ACTIVE,2026-02-22,,5
76,Alba Toro Valencia,81996642,2005-02-26,ACTIVE,2025-12-09,,6
77,Ashley Johnson,94229985,2009-11-17,COMPLETED,2025-06-13,8.39,6
78,Matilde del Aramburu,90782016,2008-06-15,ACTIVE,2025-12-10,,6
79,Ryan Wiggins,81734362,2010-02-09,ACTIVE,2025-10-03,,6
80,Nilda Maestre Fernandez,87220674,2008-05-18,ACTIVE,2025-12-16,,6
81,Amaya Giner Cerro,95182691,2005-11-22,ACTIVE,2025-03-23,,6
82,Tatiana Hierro Sanmiguel,87215277,2003-02-04,WITHDRAWN,2003-02-04,,6
83,Kathleen Kerr,91573209,2008-05-05,ACTIVE,2025-11-15,,6
84,Deborah Roberson,87002178,2003-01-16,WITHDRAWN,2003-01-16,,6
85,Wilfredo Carlos Posada,84676259,2004-07-05,COMPLETED,2026-02-04,6.72,6
86,Jacob Clark,88389630,2009-12-22,ACTIVE,2025-03-23,,6
87,Emiliana Lastra,85627223,2005-06-18,ACTIVE,2025-10-13,,6
88,Melissa Lutz,97383886,2001-05-16,COMPLETED,2025-08-14,9.29,6
89,Shari Ramirez,99833296,2004-10-24,COMPLETED,2025-10-31,8.56,6
90,Renato Atienza-Alcántara,93350360,2007-01-19,ACTIVE,2025-04-12,,6
91,Rolando Maza Moya,97726257,2006-03-06,ACTIVE,2025-07-07,,7
92,Ale Ignacia Crespi Oller,96950189,2006-02-17,ACTIVE,2026-01-11,,7
93,Justin Richard,82796708,2007-10-04,COMPLETED,2025-06-11,8.3,7
94,Mireia Carlos-Ortuño,99738123,2002-06-29,COMPLETED,2025-06-25,8.78,7
95,Maximiliano Calzada Bonilla,88723458,2004-08-06,ACTIVE,2025-11-05,,7
96,Teresa Wilson,88963311,2002-05-18,WITHDRAWN,2002-05-18,,7
97,Joshua Davidson,99991534,2002-05-14,ACTIVE,2025-08-07,,7
98,Rachael Garrett,98014027,2007-04-19,ACTIVE,2025-09-21,,7
99,Óscar Verdú Ramírez,83628023,2004-07-20,WITHDRAWN,2004-07-20,,7
100,Sandalio Perales Garay,97369218,2002-08-02,ACTIVE,2025-04-25,,7
101,David Gibson,87763441,2002-12-19,WITHDRAWN,2002-12-19,,7
102,Paul Bell,85475902,2005-11-30,ACTIVE,2026-01-25,,7
103,Severo Ruano Martínez,95326598,2007-09-03,ACTIVE,2025-05-10,,7
104,Emperatriz Isern Andrés,86476212,2006-05-12,WITHDRAWN,2006-05-12,,7
105,Silvia Vicens Quintanilla,92023125,2005-09-15,ACTIVE,2025-12-29,,7
106,Priscila Grande Calderon,98760809,2006-12-10,ACTIVE,2025-11-02,,8
107,Pilar del Moll,96519838,2004-05-05,WITHDRAWN,2004-05-05,,8
108,Victorino Salinas Barrera,81871383,2002-04-10,COMPLETED,2025-05-13,6.27,8
109,Dr. Martha Madden MD,91889107,2005-07-30,COMPLETED,2025-05-24,9.1,8
110,Jerry Perry,98090927,2004-12-25,ACTIVE,2025-06-24,,8
111,Isaías Abel Gabaldón Múñiz,95250746,2010-02-24,ACTIVE,2025-09-24,,8
112,Timothy Davis,89451923,2006-09-02,ACTIVE,2026-03-05,,8
113,Mitchell Bond,90931187,2006-02-04,ACTIVE,2025-04-12,,8
114,Carmela Olivares Escudero,96375225,2008-05-10,ACTIVE,2025-08-06,,8
115,Pamela Sherman,98381112,2005-05-25,ACTIVE,2025-10-05,,8
116,Domingo Oliva Zabala,81594046,2004-07-07,ACTIVE,2025-07-05,,8
117,Paulina del Díaz,82055208,2001-08-07,COMPLETED,2025-12-06,6.54,8
118,Reyna Carrión-Estévez,84523944,2003-08-05,COMPLETED,2025-08-04,6.88,8
119,Courtney Jackson,95307521,2010-02-03,ACTIVE,2026-01-28,,8
120,Jerry Melton,87700981,2008-03-02,ACTIVE,2026-02-20,,8
121,Stephanie Hudson,83743674,2004-12-08,COMPLETED,2025-09-15,8.82,9
122,Tracy Roberts,92205333,2007-02-23,WITHDRAWN,2007-02-23,,9
123,Dr. Alexander Fields,91210927,2007-08-30,ACTIVE,2025-05-26,,9
124,Annette Johnson,81614156,2003-02-28,WITHDRAWN,2003-02-28,,9
125,Christopher Lewis,92769606,2004-12-29,ACTIVE,2025-10-04,,9
126,María Manuela Barco Marín,88349008,2008-03-22,ACTIVE,2025-05-30,,9
127,Alejandra Price,81891522,2008-09-28,ACTIVE,2026-02-01,,9
128,Carol Jacobs,83432443,2005-11-16,ACTIVE,2026-01-02,,9
129,Florencia del Gimeno,80623730,2009-10-12,ACTIVE,2025-08-21,,9
130,Goyo Lluch Marti,91715401,2009-05-26,ACTIVE,2025-05-09,,9
131,Steven Richardson,86446669,2003-12-25,WITHDRAWN,2003-12-25,,9
132,Miguela Castilla Diaz,99956458,2002-10-14,ACTIVE,2025-05-19,,9
133,Serafina de Priego,80485276,2008-05-11,COMPLETED,2026-01-15,7.48,9
134,Tiffany Goodman,89310329,2005-09-12,ACTIVE,2025-12-11,,9
135,Guadalupe del Conde,94328621,2008-05-12,ACTIVE,2025-10-06,,9
136,David Wilkins,89979604,2002-10-19,ACTIVE,2025-10-19,,10
137,Jamie Thomas,95664242,2005-12-24,ACTIVE,2025-12-05,,10
138,William Howard,96095446,2001-06-22,ACTIVE,2025-03-14,,10
139,Joan Garcia,80698047,2003-09-03,COMPLETED,2025-09-04,8.72,10
140,Andrea Casal-Casares,80845847,2004-04-20,ACTIVE,2025-04-29,,10
141,Karen Hernandez,94542593,2001-09-30,ACTIVE,2025-08-03,,10
142,James Gaines,83696278,2003-04-24,ACTIVE,2026-02-21,,10
143,Isabela Peñalver Sancho,93637399,2001-06-17,ACTIVE,2025-12-09,,10
144,Xavier Real Leiva,84569072,2001-04-01,ACTIVE,2025-12-26,,10
145,Sara Cole,83118121,2002-04-22,ACTIVE,2025-11-29,,10
146,Andrew Chang,93710671,2007-01-23,ACTIVE,2025-10-12,,10
147,Balduino del González,98452223,2003-04-09,ACTIVE,2025-03-28,,10
148,Débora Escamilla Barriga,88080965,2006-08-12,COMPLETED,2026-03-07,8.22,10
149,Fausto Campo Soria,83375749,2005-06-08,ACTIVE,2025-03-20,,10
150,Emperatriz Batlle Sacristán,94295405,2007-08-21,COMPLETED,2025-08-26,6.74,10
151,Robert Cortez,91728763,2007-07-14,ACTIVE,2025-04-19,,11
152,Julie Hubbard,87641374,2004-09-21,COMPLETED,2026-01-26,8.83,11
153,Ruben del Botella,81268056,2008-05-19,ACTIVE,2026-02-22,,11
154,Shelby Huber,87243006,2003-07-22,ACTIVE,2025-07-24,,11
155,Marcelo Saez-Carreño,85392102,2001-09-16,ACTIVE,2026-01-26,,11
156,Jean Kelly,82711767,2007-02-05,ACTIVE,2025-06-19,,11
157,Peter Smith,98226952,2006-01-12,WITHDRAWN,2006-01-12,,11
158,Ruy Rodrigo Iriarte,89281541,2003-09-25,ACTIVE,2025-12-24,,11
159,Jack Hayes,80175250,2005-07-12,ACTIVE,2025-12-13,,11
160,Elisabet Domingo Cantón,90792314,2007-06-19,COMPLETED,2026-02-26,6.98,11
161,Karen Deleon,97733481,2003-04-22,COMPLETED,2025-08-06,6.89,11
162,Jasmine Jackson,85631621,2003-04-19,COMPLETED,2026-02-25,9.3,11
163,María Jesús Gaya Pedraza,85523116,2001-06-20,WITHDRAWN,2001-06-20,,11
164,Daniel Jones,88124758,2002-01-24,ACTIVE,2025-09-06,,11
165,Brianna White,91220896,2003-12-11,ACTIVE,2026-01-08,,11
166,Roger Meyer,96670823,2003-06-05,WITHDRAWN,2003-06-05,,12
167,Zachary Lara,96205797,2006-04-16,WITHDRAWN,2006-04-16,,12
168,Robert Stephenson,88302039,2003-01-07,ACTIVE,2025-06-25,,12
169,Edelmira Canals Anglada,81093893,2005-07-30,WITHDRAWN,2005-07-30,,12
170,Florinda Reguera Llopis,81082777,2010-02-18,WITHDRAWN,2010-02-18,,12
171,Joanna Solomon,93132052,2004-08-08,WITHDRAWN,2004-08-08,,12
172,Jennifer Bell,93078904,2007-12-18,ACTIVE,2025-08-13,,12
173,Carlos Benavent Sosa,87905190,2004-09-10,COMPLETED,2026-02-17,6.26,12
174,Cole Maxwell,93791086,2009-07-12,COMPLETED,2025-04-05,7.79,12
175,Catherine Davis,94455012,2007-02-25,ACTIVE,2025-09-05,,12
176,Melissa Thompson,99672629,2006-01-14,ACTIVE,2026-01-10,,12
177,Andrés Nazaret Yáñez Anglada,98972333,2003-04-02,WITHDRAWN,2003-04-02,,12
178,Emily Baker,93063422,2010-01-14,COMPLETED,2026-02-24,8.37,12
179,Roldán Fábregas Jaén,80534452,2009-09-16,WITHDRAWN,2009-09-16,,12
180,Jerónimo Pedro Guardiola,80429387,2004-07-13,COMPLETED,2025-04-24,8.55,12
181,Kristen Barker,97977862,2006-12-20,WITHDRAWN,2006-12-20,,13
182,Abigail Clark,90760660,2003-01-29,ACTIVE,2026-01-18,,13
183,Mireia Viña Lozano,93518131,2003-07-09,COMPLETED,2026-02-11,7.56,13
184,Luisa Florina Yáñez Vélez,92355499,2005-11-15,ACTIVE,2025-04-28,,13
185,Scott Vargas,95456512,2007-04-15,ACTIVE,2025-04-27,,13
186,Katherine Smith,88232531,2003-08-02,ACTIVE,2025-06-20,,13
187,Godofredo del Echeverría,90375286,2001-10-26,ACTIVE,2025-12-16,,13
188,Veronica Smith,99669934,2006-10-12,ACTIVE,2026-03-06,,13
189,Terry Leon,99188124,2009-02-25,ACTIVE,2026-03-11,,13
190,Cindy Green,97520327,2007-09-21,WITHDRAWN,2007-09-21,,13
191,Scott Stevens,86817146,2006-05-26,WITHDRAWN,2006-05-26,,13
192,Javi Rovira Solana,88285447,2007-09-20,ACTIVE,2026-02-18,,13
193,Amílcar Ibáñez Fajardo,88101762,2007-12-31,ACTIVE,2025-11-08,,13
194,Zachary Lee MD,92261284,2006-12-03,ACTIVE,2025-05-26,,13
195,Jose Adams,91884955,2004-09-21,WITHDRAWN,2004-09-21,,13
196,Jesús Donoso Garay,80305504,2004-05-16,WITHDRAWN,2004-05-16,,14
197,Lauren Williams,90757224,2005-12-16,ACTIVE,2025-10-03,,14
198,Douglas Hart,96039247,2010-02-03,ACTIVE,2025-12-02,,14
199,Joan del Ropero,85053162,2005-11-28,ACTIVE,2025-05-04,,14
200,Billy Hogan,81784464,2006-06-30,ACTIVE,2025-05-26,,14
201,Jacinto Valderrama Jurado,89227383,2002-01-25,ACTIVE,2025-04-09,,14
202,Francisco Javier del Salmerón,99065907,2002-06-17,COMPLETED,2025-11-02,7.02,14
203,Thomas Ali,97831144,2005-11-30,COMPLETED,2025-05-12,9.19,14
204,Miguela Mancebo-Águila,99152840,2008-02-23,COMPLETED,2025-10-15,6.81,14
205,Lara Galván Gomila,92208596,2001-09-26,ACTIVE,2025-06-24,,14
206,Christopher Cox,86745595,2008-10-03,ACTIVE,2025-07-01,,14
207,Federico Cervera,80156995,2006-11-16,ACTIVE,2025-12-16,,14
208,Wanda Payne,83551390,2006-01-02,ACTIVE,2025-04-18,,14
209,Arturo Montserrat Amat,89169562,2001-04-27,ACTIVE,2025-08-13,,14
210,Billy Castillo,91867841,2002-10-04,COMPLETED,2025-12-21,7.98,14
211,Olivia Faulkner,89071731,2001-12-07,WITHDRAWN,2001-12-07,,15
212,Amanda Salazar,89432503,2005-09-16,ACTIVE,2025-09-23,,15
213,Inés de Murcia,89196005,2005-08-12,ACTIVE,2025-06-21,,15
214,Renata Pacheco Benet,85020430,2005-06-06,ACTIVE,2025-07-14,,15
215,Alejo Luís Bonilla,84014149,2002-12-04,ACTIVE,2025-09-28,,15
216,Jay Shaw,91611497,2004-01-27,ACTIVE,2025-10-04,,15
217,Shane Price Jr.,83786813,2002-04-16,COMPLETED,2026-02-05,7.33,15
218,Macario Requena,91498492,2002-05-05,ACTIVE,2025-05-12,,15
219,Steven Mcbride,84071320,2007-05-30,ACTIVE,2026-01-01,,15
220,Luciano Ochoa Roselló,82026025,2002-05-23,ACTIVE,2025-05-27,,15
221,Kayla Parker,81403521,2002-11-13,ACTIVE,2025-04-06,,15
222,Dimas Cañellas Gomez,90525997,2005-07-24,ACTIVE,2026-03-11,,15
223,Stacy Carroll,83364140,2008-08-26,WITHDRAWN,2008-08-26,,15
224,Odalis Folch Segarra,95781999,2010-02-24,COMPLETED,2025-03-18,7.67,15
225,Felicidad Giralt,90037112,2004-12-08,ACTIVE,2025-10-26,,15
226,Amanda Blake,94419122,2003-03-03,WITHDRAWN,2003-03-03,,16
227,Bienvenida Río Carreño,93560174,2010-03-02,ACTIVE,2025-05-04,,16
228,Kelsey Brown,99629892,2006-06-18,ACTIVE,2025-04-09,,16
229,Vidal Ángel,83354028,2007-01-04,ACTIVE,2025-07-04,,16
230,Michael Watson,87634692,2007-10-24,ACTIVE,2025-12-27,,16
231,Luisa Nicolás Armas,93118195,2002-09-26,COMPLETED,2026-03-12,6.98,16
232,Marianela Armengol Bravo,97719981,2005-10-13,WITHDRAWN,2005-10-13,,16
233,Cebrián Beltrán Osorio,88639928,2004-12-28,ACTIVE,2026-02-14,,16
234,Ema Puig Caparrós,80755895,2006-01-08,ACTIVE,2025-07-01,,16
235,David Jones,83449654,2003-09-30,ACTIVE,2025-06-10,,16
236,Rebecca Mitchell,95336258,2009-11-25,WITHDRAWN,2009-11-25,,16
237,Christian Holt,92689776,2003-01-16,ACTIVE,2025-09-03,,16
238,Shawn Esparza,88600426,2006-01-04,ACTIVE,2025-07-10,,16
239,Ema Soriano,96375632,2009-04-23,WITHDRAWN,2009-04-23,,16
240,Joseph Valentine,80778560,2006-06-25,WITHDRAWN,2006-06-25,,16
241,Daniel Lang,88339855,2003-12-01,ACTIVE,2026-02-09,,17
242,Ámbar Giralt Blazquez,88138531,2003-02-04,COMPLETED,2025-06-06,9.07,17
243,Tiffany Hernandez,89739788,2009-06-26,ACTIVE,2025-07-02,,17
244,Dorita Santamaria-Baena,85159881,2003-10-27,ACTIVE,2025-04-08,,17
245,Natalie Villa,85669979,2008-04-22,ACTIVE,2025-03-29,,17
246,América Ariza,91945952,2001-04-20,ACTIVE,2026-03-01,,17
247,Johnny Jones,96392942,2009-03-06,WITHDRAWN,2009-03-06,,17
248,Michael Lewis,82556315,2004-10-19,WITHDRAWN,2004-10-19,,17
249,Tyler Young,90388432,2008-04-07,ACTIVE,2025-04-23,,17
250,María Del Carmen Torrents Soria,87198835,2003-07-01,ACTIVE,2025-09-17,,17
251,Jo Rose,81397002,2008-12-15,ACTIVE,2025-07-24,,17
252,Buenaventura Rodriguez Jáuregui,97504478,2008-08-18,WITHDRAWN,2008-08-18,,17
253,Xiomara Pedrosa Coloma,80689061,2004-10-20,ACTIVE,2025-08-24,,17
254,Irma Tejedor Fortuny,80160413,2007-04-09,ACTIVE,2025-03-30,,17
255,Che Bonilla-Garriga,99757789,2001-10-27,ACTIVE,2025-10-30,,17
256,Joshua Taylor,90258239,2009-10-14,ACTIVE,2025-08-06,,18
257,Amy Dominguez,97840675,2003-02-05,WITHDRAWN,2003-02-05,,18
258,Jorge Alcalá Ramírez,92409095,2007-12-15,WITHDRAWN,2007-12-15,,18
259,Nathan Savage,82232287,2002-09-24,ACTIVE,2025-08-15,,18
260,Salomón Felix Pizarro Villalba,89500961,2001-11-18,ACTIVE,2025-03-17,,18
261,Luis Wheeler,85271578,2007-03-20,ACTIVE,2025-04-02,,18
262,Richard Robinson,89039852,2007-11-15,ACTIVE,2025-10-10,,18
263,Bernabé Román,98272422,2005-11-02,ACTIVE,2025-04-03,,18
264,Garrett Ward,86689501,2005-11-16,ACTIVE,2025-05-14,,18
265,Maxi Arnal Sáenz,95864553,2009-01-14,ACTIVE,2025-05-15,,18
266,Antonio Jarvis,96965597,2009-06-11,ACTIVE,2025-09-21,,18
267,Epifanio Cuadrado Riba,90666369,2009-02-19,COMPLETED,2025-05-13,6.71,18
268,Micheal Chaney,84697580,2006-06-27,ACTIVE,2026-02-14,,18
269,Jose Francisco del Frías,95860702,2003-10-14,WITHDRAWN,2003-10-14,,18
270,Ryan Douglas,90228122,2009-10-28,ACTIVE,2025-08-22,,18
271,Heriberto Ribes Pla,91312810,2008-07-09,ACTIVE,2025-07-28,,19
272,Beth Rivera,98403148,2001-03-25,ACTIVE,2025-10-09,,19
273,Michael Clark,93447280,2002-09-11,ACTIVE,2026-02-26,,19
274,Susan Ruiz,92725986,2009-09-11,ACTIVE,2025-08-08,,19
275,Ashley Curtis,82595942,2002-02-13,ACTIVE,2025-09-21,,19
276,Renato Ribes Díaz,93479993,2002-07-03,COMPLETED,2025-10-19,8.7,19
277,Lori Sanchez,89236452,2008-02-21,ACTIVE,2026-01-27,,19
278,Toni Aurelio Benito Oliva,83239858,2004-03-26,WITHDRAWN,2004-03-26,,19
279,Eusebia del Revilla,90240289,2006-12-19,WITHDRAWN,2006-12-19,,19
280,Lacey Allen,84715452,2002-01-14,ACTIVE,2025-11-14,,19
281,Mark Hampton,96847649,2006-04-03,ACTIVE,2025-06-09,,19
282,Marcus Martinez,84981401,2009-08-18,COMPLETED,2025-10-11,7.42,19
283,Graciano Amaya Agustín,83316635,2008-08-25,ACTIVE,2026-01-12,,19
284,Darrell Moreno,95015625,2003-09-01,COMPLETED,2025-04-20,6.0,19
285,Kimberly Barnes,99277841,2009-09-20,ACTIVE,2026-01-09,,19
286,Edelmira Verdugo Valle,82898781,2009-03-07,COMPLETED,2025-06-12,8.1,20
287,Jeremías de Morell,97507202,2010-03-12,COMPLETED,2025-11-23,6.91,20
288,Jose Manuel Vilanova-Rosell,85603035,2002-09-28,ACTIVE,2025-12-17,,20
289,Violeta Ferrer,86868734,2001-10-11,ACTIVE,2025-07-31,,20
290,Valerie Merritt,86463005,2006-06-11,WITHDRAWN,2006-06-11,,20
291,Matthew Cochran,92295919,2002-10-07,WITHDRAWN,2002-10-07,,20
292,Megan May,96514515,2007-03-01,WITHDRAWN,2007-03-01,,20
293,James Marshall,91031115,2008-10-07,ACTIVE,2025-09-07,,20
294,Prudencio Salinas Valbuena,91101210,2003-01-26,ACTIVE,2025-06-05,,20
295,Rosalía Maristela Bas Amores,83566275,2001-09-26,ACTIVE,2025-08-29,,20
296,Ana Dalmau Blazquez,97011277,2001-05-28,ACTIVE,2026-01-30,,20
297,Matthew Randolph,90249402,2006-01-15,WITHDRAWN,2006-01-15,,20
298,Esther Gil Bosch,80155968,2009-02-09,COMPLETED,2026-01-08,6.08,20
299,Adalberto Domínguez Posada,89183455,2008-02-01,ACTIVE,2025-10-11,,20
300,Onofre Alcolea Canet,98316861,2009-06-27,WITHDRAWN,2009-06-27,,20
301,Gabriel Miller,85841985,2002-02-17,ACTIVE,2025-08-26,,21
302,Mary Levy,95848027,2005-05-15,ACTIVE,2025-09-22,,21
303,Zoraida Manzanares Losa,91223225,2003-10-22,WITHDRAWN,2003-10-22,,21
304,Néstor Amador Vega,83518734,2004-10-30,WITHDRAWN,2004-10-30,,21
305,Macario Erasmo Juliá Palomares,97801601,2005-06-27,ACTIVE,2025-06-25,,21
306,Herminia Santamaria-Pereira,83447685,2005-10-31,ACTIVE,2025-06-03,,21
307,Chucho Gordillo Pazos,99114613,2005-08-31,ACTIVE,2025-05-20,,21
308,Anthony Abbott,91870991,2010-01-14,WITHDRAWN,2010-01-14,,21
309,Kelsey Clayton,82528129,2002-12-14,ACTIVE,2025-12-12,,21
310,Socorro Guzman-Sanjuan,89656518,2010-03-02,WITHDRAWN,2010-03-02,,21
311,Janice Thomas,93838573,2006-06-16,WITHDRAWN,2006-06-16,,21
312,Jenaro Maza-Arcos,90563174,2001-05-08,ACTIVE,2025-12-09,,21
313,Tina Hansen,91289519,2007-07-31,ACTIVE,2026-01-02,,21
314,Gastón Edgardo Bernat Ochoa,91287790,2001-09-04,COMPLETED,2026-02-15,9.33,21
315,Emelina Lledó Bermudez,97185854,2001-12-23,ACTIVE,2025-07-24,,21
316,Zacarías Gomila Mateos,94148003,2002-05-24,ACTIVE,2025-10-10,,22
317,Carla Day,93872922,2004-01-20,ACTIVE,2025-11-05,,22
318,Lope Castellanos Anguita,85477942,2005-10-01,ACTIVE,2025-08-05,,22
319,Juan Luis Buendía Jáuregui,97244802,2005-01-27,ACTIVE,2026-03-10,,22
320,Timothy Blackburn,85479870,2008-03-19,COMPLETED,2025-06-08,6.49,22
321,Joe Thompson,84439486,2001-12-19,ACTIVE,2025-12-27,,22
322,Soledad Jordá-Revilla,97180741,2006-03-01,ACTIVE,2025-04-06,,22
323,Natividad Solera,94936897,2008-04-27,WITHDRAWN,2008-04-27,,22
324,Bryan Mejia,99982711,2005-11-21,WITHDRAWN,2005-11-21,,22
325,Rebecca Yang,96257770,2008-03-17,ACTIVE,2026-03-01,,22
326,Shannon Doyle,81229914,2009-12-21,ACTIVE,2025-11-05,,22
327,Carla Grau Expósito,91065421,2010-03-08,ACTIVE,2025-10-02,,22
328,Lisa Morris,91053892,2002-04-23,WITHDRAWN,2002-04-23,,22
329,Anthony Stokes,95128514,2006-12-20,ACTIVE,2025-11-20,,22
330,Quique Sierra Mata,93769599,2001-12-30,ACTIVE,2025-05-17,,22
331,Robert Phillips,96048034,2002-01-15,COMPLETED,2025-09-16,8.92,23
332,Catherine Pollard,94300961,2004-08-30,ACTIVE,2025-08-05,,23
333,Flora Rozas Novoa,87647766,2003-02-24,ACTIVE,2025-09-19,,23
334,Renato Rivas Moya,86216185,2008-11-11,ACTIVE,2025-09-24,,23
335,Mrs. Stacy Robinson,83765517,2004-02-01,WITHDRAWN,2004-02-01,,23
336,Calisto Peralta Busquets,95106588,2010-01-05,WITHDRAWN,2010-01-05,,23
337,Luna Galiano,84829525,2008-03-20,ACTIVE,2025-11-17,,23
338,Antonio Conesa-Perales,89987239,2006-05-11,ACTIVE,2025-05-18,,23
339,Kevin Hamilton,95666428,2004-01-24,ACTIVE,2025-08-01,,23
340,Martina Capdevila Pacheco,94504911,2003-12-23,ACTIVE,2025-12-10,,23
341,Perla Vázquez Anaya,88253792,2007-04-21,COMPLETED,2025-10-05,7.3,23
342,Angelino Gutierrez Cózar,81849705,2007-01-28,ACTIVE,2025-08-31,,23
343,Rhonda Price,86518415,2005-08-17,ACTIVE,2025-12-13,,23
344,Vera Tur Solera,99859553,2008-12-17,COMPLETED,2025-12-25,7.35,23
345,Charlotte Reynolds,96460615,2006-12-26,COMPLETED,2025-08-28,6.14,23
346,Sandra Hervás-Barrera,95295065,2002-09-11,ACTIVE,2025-10-05,,24
347,Pastora Rojas Tejedor,96091591,2005-05-02,ACTIVE,2025-06-15,,24
348,Efraín Cuevas Valentín,97675958,2007-01-06,WITHDRAWN,2007-01-06,,24
349,Guadalupe Alvarez Quesada,91522160,2003-03-20,ACTIVE,2025-07-27,,24
350,Jenny Sosa Cáceres,88936696,2005-09-13,ACTIVE,2025-12-28,,24
351,María Del Carmen Pelayo Gutiérrez,99777651,2004-12-05,ACTIVE,2025-06-30,,24
352,James Sweeney,88178544,2009-12-25,ACTIVE,2025-10-29,,24
353,Melinda Howard,85585918,2003-08-28,ACTIVE,2025-05-09,,24
354,Amy Holland,97292096,2007-05-13,COMPLETED,2025-04-01,8.13,24
355,Rebecca Crawford,84779801,2006-03-09,WITHDRAWN,2006-03-09,,24
356,Larry Delacruz,91135086,2003-07-11,WITHDRAWN,2003-07-11,,24
357,Valerie Hess,85467932,2002-09-16,ACTIVE,2025-06-09,,24
358,Anselmo Cañas-Gomez,81828904,2008-11-21,ACTIVE,2025-09-21,,24
359,Amparo Montero Sans,89070591,2002-05-26,COMPLETED,2026-02-07,8.15,24
360,Christine Quinn,85494648,2007-05-06,ACTIVE,2025-12-19,,24
361,Rebecca Park,80159300,2006-11-16,COMPLETED,2025-08-23,7.04,25
362,James Bond,96195897,2006-12-15,ACTIVE,2025-09-01,,25
363,James Bradley,85174806,2009-12-11,COMPLETED,2025-06-26,7.06,25
364,Christopher Mitchell,94801655,2005-07-28,ACTIVE,2025-08-02,,25
365,Gregory Reed,89226485,2001-08-21,WITHDRAWN,2001-08-21,,25
366,Mónica de Bou,84074283,2007-03-23,ACTIVE,2025-08-28,,25
367,Carlito Aparicio Roma,93458944,2002-03-14,ACTIVE,2025-07-11,,25
368,Bethany Williams,94096275,2001-07-07,WITHDRAWN,2001-07-07,,25
369,Savannah King,90082119,2009-04-18,WITHDRAWN,2009-04-18,,25
370,Violeta Álvaro Alonso,88088173,2006-10-29,ACTIVE,2026-01-06,,25
371,Russell Burch,86591744,2003-08-15,COMPLETED,2025-09-22,9.14,25
372,Brittany Peck,95553300,2002-12-11,COMPLETED,2025-07-22,7.37,25
373,Joseph Miller,94560084,2005-08-23,WITHDRAWN,2005-08-23,,25
374,Telmo Infante Bernat,88175662,2001-11-03,ACTIVE,2025-03-18,,25
375,Cindy Sullivan,80221066,2004-03-16,ACTIVE,2025-07-30,,25
376,Elizabeth Bryant,94798727,2009-08-12,ACTIVE,2025-05-06,,26
377,Samanta Valdés Madrigal,82081945,2007-12-20,ACTIVE,2025-10-22,,26
378,Jerry Blankenship,99214845,2002-08-02,COMPLETED,2025-11-15,7.61,26
379,Aurelio Riba Aliaga,82732168,2006-04-25,COMPLETED,2025-07-01,8.64,26
380,Fernanda Cerdá,99045206,2004-01-06,WITHDRAWN,2004-01-06,,26
381,Vanesa del Múgica,97322574,2004-08-10,WITHDRAWN,2004-08-10,,26
382,Ildefonso Pepito Pina Paniagua,95502815,2001-03-21,ACTIVE,2025-03-12,,26
383,Erin Ramirez,92632785,2008-03-21,ACTIVE,2025-04-05,,26
384,Julie Castro,82448798,2004-05-09,COMPLETED,2025-09-22,9.07,26
385,Concha Montes Arco,81517323,2004-02-17,COMPLETED,2026-02-11,8.27,26
386,Rebecca Collins,99996837,2001-11-29,COMPLETED,2025-10-29,7.92,26
387,Florencia Narváez Fajardo,93798296,2001-07-23,COMPLETED,2025-09-27,8.69,26
388,Micheal Fowler,94096836,2006-03-17,ACTIVE,2025-09-30,,26
389,Ashley Wilson,80999156,2004-09-17,ACTIVE,2025-08-20,,26
390,Juan Antonio de Flor,97085659,2002-12-29,ACTIVE,2025-04-19,,26
391,Jerry Gonzalez,94762257,2009-05-09,ACTIVE,2025-10-25,,27
392,Stanley Rodriguez,89505245,2004-08-04,WITHDRAWN,2004-08-04,,27
393,Alejandro Mármol Escobar,93607842,2009-10-25,WITHDRAWN,2009-10-25,,27
394,Clementina de Ayuso,92706331,2005-06-22,ACTIVE,2026-02-20,,27
395,Tina Green,96759420,2006-04-08,ACTIVE,2025-07-19,,27
396,Neil Evans,97528747,2008-02-09,WITHDRAWN,2008-02-09,,27
397,Casandra Novoa Salas,84405099,2001-10-10,WITHDRAWN,2001-10-10,,27
398,Miss Cynthia Rodriguez,88567908,2009-07-28,ACTIVE,2025-07-15,,27
399,Mr. Jeffery Maxwell,93656078,2006-04-09,ACTIVE,2025-05-25,,27
400,Brian Gregory,96205586,2006-02-27,ACTIVE,2025-11-10,,27
401,María Pilar de Flores,93347743,2007-07-20,WITHDRAWN,2007-07-20,,27
402,Plácido Guardiola-Tormo,86991754,2005-11-19,ACTIVE,2025-10-09,,27
403,María Ángeles Calista Jaume Arco,90993326,2009-03-18,WITHDRAWN,2009-03-18,,27
404,María Carmen Martin Luís,95362092,2002-12-15,ACTIVE,2025-12-16,,27
405,Ester Berrocal Osuna,98762684,2004-11-06,ACTIVE,2026-01-05,,27
406,Anthony Bailey,91880615,2006-10-30,ACTIVE,2025-08-25,,28
407,Fabiola Macías Reig,94917975,2009-01-27,ACTIVE,2025-07-02,,28
408,Roberto Carlos,89174752,2002-05-29,ACTIVE,2025-10-09,,28
409,Candelas Manzano Peralta,91755665,2008-08-17,ACTIVE,2025-08-12,,28
410,Gervasio Juan Carlos Bonilla Suárez,82987654,2010-02-07,COMPLETED,2025-05-04,6.51,28
411,Jose Luis Bauzà Millán,80615947,2009-05-08,ACTIVE,2026-02-27,,28
412,Águeda del Asensio,96641299,2007-04-19,ACTIVE,2025-09-28,,28
413,William White Jr.,89614506,2001-03-24,ACTIVE,2025-05-27,,28
414,Espiridión del Castellanos,90261755,2007-12-11,WITHDRAWN,2007-12-11,,28
415,Benjamin King,97178890,2008-01-08,ACTIVE,2025-09-20,,28
416,Darrell Hernandez,87417330,2008-06-29,ACTIVE,2025-06-05,,28
417,David Macias,86140611,2003-10-28,COMPLETED,2025-08-18,8.52,28
418,Laura Perez,94704710,2006-03-03,ACTIVE,2025-09-20,,28
419,Edu Alemany Domínguez,88499119,2005-12-19,ACTIVE,2026-01-11,,28
420,Shelby Lamb,84668371,2002-09-01,ACTIVE,2025-06-20,,28
421,Aristides Leiva Perez,88300678,2006-09-27,ACTIVE,2025-10-16,,29
422,José Ángel Revilla Coca,89623705,2002-08-23,COMPLETED,2025-06-24,9.08,29
423,Savannah Gill,86924159,2004-09-22,ACTIVE,2026-02-13,,29
424,Nuria Plana-Royo,91632946,2005-09-12,ACTIVE,2026-01-05,,29
425,Eli Espejo Llopis,87998169,2007-11-08,ACTIVE,2025-04-26,,29
426,Emily Williams,87167765,2006-05-09,COMPLETED,2025-04-21,7.4,29
427,Galo Atienza Riera,82800959,2005-07-03,ACTIVE,2025-08-21,,29
428,Desiree Lynn,97915325,2007-05-01,WITHDRAWN,2007-05-01,,29
429,Nereida Jaén Laguna,83348034,2006-08-19,ACTIVE,2025-12-15,,29
430,Allison Reeves,89737885,2009-12-29,COMPLETED,2025-10-02,8.11,29
431,Carina Gutierrez Roura,84592098,2007-03-31,ACTIVE,2026-02-22,,29
432,Noemí Perelló-Mateo,93738409,2003-08-26,COMPLETED,2026-01-18,8.45,29
433,Marie Hanson,80944357,2003-01-10,COMPLETED,2025-06-07,8.77,29
434,Jim Jones,97105616,2003-10-11,COMPLETED,2025-06-26,8.18,29
435,Bautista del Hernando,97448911,2001-06-23,WITHDRAWN,2001-06-23,,29
436,Michael Mathis,93937495,2004-03-17,ACTIVE,2025-08-07,,30
437,Katie Mckenzie,81999087,2008-10-26,ACTIVE,2025-06-24,,30
438,Ismael Casado Huerta,84494505,2001-11-08,ACTIVE,2025-05-22,,30
439,Adrian Martin,95079857,2006-06-26,ACTIVE,2025-07-08,,30
440,Cleto Dalmau Barroso,92772285,2009-05-13,COMPLETED,2025-11-24,7.69,30
441,Melinda Allen,97485954,2003-06-30,WITHDRAWN,2003-06-30,,30
442,Yolanda Thompson,85982789,2003-08-12,ACTIVE,2025-05-22,,30
443,Jose Coloma Pina,99420728,2002-11-29,ACTIVE,2025-07-27,,30
444,Amber Simon,81450230,2005-09-12,ACTIVE,2025-06-08,,30
445,Karen Lee,83011024,2007-05-07,WITHDRAWN,2007-05-07,,30
446,Joshua Walker,87567111,2004-09-10,ACTIVE,2026-02-17,,30
447,Jesse Gross,97641252,2006-03-11,WITHDRAWN,2006-03-11,,30
448,Abigail Nelson DDS,89334944,2001-09-09,ACTIVE,2025-09-03,,30
449,Brunilda del Jordá,81170584,2003-02-22,ACTIVE,2026-02-05,,30
450,Annette Ruiz,98780563,2002-12-07,ACTIVE,2025-11-21,,30
451,Randall Stewart,99864345,2002-08-09,ACTIVE,2025-06-08,,31
452,Anna Atkins,95870596,2009-02-09,WITHDRAWN,2009-02-09,,31
453,Christopher Sims,95776062,2004-03-25,COMPLETED,2025-10-18,8.81,31
454,Conrado Goicoechea Roselló,83854450,2002-11-22,ACTIVE,2025-12-13,,31
455,Aristides Blanch,92647386,2004-03-24,ACTIVE,2026-01-11,,31
456,Troy White,96944467,2001-07-09,ACTIVE,2025-12-28,,31
457,Katherine Davis,88667793,2010-01-03,ACTIVE,2025-09-14,,31
458,Leslie Walsh,98109065,2009-03-15,WITHDRAWN,2009-03-15,,31
459,Samantha Price,89000467,2008-03-14,COMPLETED,2025-12-22,8.3,31
460,Sebastian Piña Carpio,80692966,2005-06-15,ACTIVE,2025-05-14,,31
461,Fernanda Villa Checa,83696796,2005-03-01,ACTIVE,2025-07-12,,31
462,Christian Baker,87402385,2002-02-04,COMPLETED,2025-07-03,6.35,31
463,Ana Williams,84066302,2006-01-27,ACTIVE,2025-05-21,,31
464,Christine Wilson,82403431,2006-03-01,WITHDRAWN,2006-03-01,,31
465,Angelina Vila Quirós,86189160,2010-01-22,ACTIVE,2026-02-12,,31
466,Gema Flora López Villalba,81016192,2009-02-03,ACTIVE,2025-03-14,,32
467,Lucio Tena Pascual,80632404,2003-02-03,ACTIVE,2025-05-08,,32
468,Alejandra Martí Aguilar,80696574,2005-12-06,ACTIVE,2025-04-20,,32
469,Nilda Espinosa Delgado,91467206,2003-09-12,ACTIVE,2025-11-26,,32
470,Scott Moss,97129702,2001-08-30,COMPLETED,2026-02-24,6.54,32
471,Candelaria Benítez Boada,86939773,2003-07-05,COMPLETED,2026-02-23,7.23,32
472,Robert Davis,80094687,2003-04-19,ACTIVE,2025-08-23,,32
473,Wanda Hodges DDS,86408037,2004-07-04,COMPLETED,2025-06-04,7.22,32
474,Molly Craig,93260895,2002-10-26,ACTIVE,2025-10-18,,32
475,Leopoldo Expósito-Lara,81919583,2003-11-10,ACTIVE,2025-07-13,,32
476,William Gill,88060960,2008-07-14,ACTIVE,2025-06-25,,32
477,Arthur Rivers,95784417,2008-12-10,WITHDRAWN,2008-12-10,,32
478,Colleen Campbell PhD,97534986,2001-10-01,WITHDRAWN,2001-10-01,,32
479,Tania Haro-Villalba,93308649,2004-04-18,WITHDRAWN,2004-04-18,,32
480,Celestino Antúnez,84015998,2008-05-07,ACTIVE,2025-08-16,,32
481,Conrado Rubén Losa Cabrera,88110261,2009-09-06,ACTIVE,2026-01-12,,33
482,Jessica Stevens,84087292,2004-10-07,COMPLETED,2025-04-09,7.27,33
483,Dr. Nicole Cooper,88694524,2004-12-03,WITHDRAWN,2004-12-03,,33
484,Christie Williams,98199248,2009-12-02,ACTIVE,2025-07-07,,33
485,Evita Aguirre,89064373,2006-06-19,ACTIVE,2025-08-30,,33
486,Olga Frutos Izaguirre,88860356,2008-02-15,ACTIVE,2026-01-26,,33
487,Eladio del Escolano,82827238,2003-02-17,ACTIVE,2026-02-20,,33
488,Ignacia Macías Villegas,82514968,2006-07-18,COMPLETED,2025-04-15,6.5,33
489,Fito Valcárcel Giménez,94017433,2005-08-26,ACTIVE,2026-03-05,,33
490,Nathan Duran,92967660,2010-02-22,ACTIVE,2026-02-27,,33
491,Danielle Smith,80826811,2004-03-26,WITHDRAWN,2004-03-26,,33
492,Allen Colon,99762927,2003-03-11,ACTIVE,2026-02-02,,33
493,Jake Taylor,87103281,2008-11-23,WITHDRAWN,2008-11-23,,33
494,Prudencia Catalá Saura,90229631,2003-06-29,WITHDRAWN,2003-06-29,,33
495,Brandon Woods,95312700,2009-01-20,ACTIVE,2025-10-07,,33
496,Jessica Jones,84050625,2001-07-19,ACTIVE,2025-08-06,,34
497,Kristen Salinas,85115607,2006-03-16,ACTIVE,2025-07-07,,34
498,Anna Hernandez,89829996,2007-09-06,COMPLETED,2025-03-21,9.25,34
499,Cathy Gonzalez,90994240,2002-05-28,WITHDRAWN,2002-05-28,,34
500,Bautista Alfonso-Torre,86020092,2004-01-26,ACTIVE,2025-04-16,,34
501,Nieves de Carpio,85394070,2001-12-05,COMPLETED,2026-03-06,6.67,34
502,April Mcintyre,97558436,2006-10-16,COMPLETED,2025-11-12,8.8,34
503,Trevor Brooks,95935778,2004-07-01,COMPLETED,2026-02-21,8.91,34
504,Nicole Moore,89736201,2004-10-13,ACTIVE,2025-05-30,,34
505,Tony Mckinney,96136264,2006-11-17,ACTIVE,2025-07-10,,34
506,Teo Morante Martin,97596666,2001-08-18,WITHDRAWN,2001-08-18,,34
507,Dorita Moles Castelló,98315521,2004-07-15,ACTIVE,2025-08-03,,34
508,Gregory Miller,84728029,2002-02-23,ACTIVE,2026-02-07,,34
509,Godofredo Cañete Vicens,81598249,2006-04-08,COMPLETED,2025-12-25,6.56,34
510,John Torres,96395353,2009-11-04,ACTIVE,2025-03-16,,34
511,Kendra Wilson,86697943,2002-10-04,COMPLETED,2025-08-06,8.3,35
512,Celestina Álvarez Millán,90432134,2009-12-24,WITHDRAWN,2009-12-24,,35
513,Nicholas Smith,86696062,2002-11-28,ACTIVE,2025-12-21,,35
514,Heliodoro Haroldo Uría Requena,92107828,2006-10-17,ACTIVE,2025-05-17,,35
515,Aitor Arturo Portero García,88248543,2001-06-24,ACTIVE,2025-12-30,,35
516,Bernabé Piñol-Mata,90945196,2004-05-17,ACTIVE,2025-08-21,,35
517,Stephanie Gonzalez DVM,91981491,2006-05-15,ACTIVE,2025-06-10,,35
518,Jennifer Baker,84735896,2009-10-13,ACTIVE,2025-10-12,,35
519,Rosalía Juan Aparicio,98893725,2008-08-13,ACTIVE,2025-09-19,,35
520,Inocencio Camps Uría,81722508,2006-04-18,WITHDRAWN,2006-04-18,,35
521,Rafaela Canales Bilbao,97349456,2006-05-27,ACTIVE,2025-06-13,,35
522,Melanie Williams,81442194,2004-05-17,ACTIVE,2025-06-03,,35
523,Cesar Buendía Miguel,89161032,2002-10-24,ACTIVE,2025-04-28,,35
524,Haley Foster,85094530,2007-01-23,ACTIVE,2025-06-06,,35
525,Belén Anglada Amor,81804729,2009-06-30,ACTIVE,2026-01-17,,35
526,Gregory Lopez,96232441,2002-08-28,ACTIVE,2025-06-17,,36
527,Amanda Green,89281341,2006-12-05,ACTIVE,2025-07-21,,36
528,Edwin Young,90590537,2008-11-15,ACTIVE,2025-10-26,,36
529,Joshua Schwartz,99236033,2005-11-08,WITHDRAWN,2005-11-08,,36
530,Sarah Sanford,88954365,2004-07-13,WITHDRAWN,2004-07-13,,36
531,Anselma González Ayllón,97611130,2002-07-03,ACTIVE,2025-06-12,,36
532,Michael Shea,92505654,2004-11-26,ACTIVE,2025-08-05,,36
533,Ainara Carrillo Lasa,86896319,2009-04-02,WITHDRAWN,2009-04-02,,36
534,Timothy Carlson,89974265,2009-06-12,ACTIVE,2025-08-26,,36
535,Ronald Harris,82068285,2005-02-10,ACTIVE,2025-05-29,,36
536,Kevin Smith,86259112,2007-07-10,ACTIVE,2025-09-12,,36
537,Mark Vaughn,95676926,2003-03-01,ACTIVE,2025-03-25,,36
538,Angélica Díaz Jover,86597671,2009-01-26,ACTIVE,2025-09-15,,36
539,Matthew Macdonald,81527966,2009-01-20,ACTIVE,2025-10-18,,36
540,Adelia Diego-Soria,94977827,2003-01-31,WITHDRAWN,2003-01-31,,36
541,Fabio Diaz,98232218,2009-09-05,ACTIVE,2025-08-18,,37
542,Leonel Ayuso,99796594,2008-03-18,WITHDRAWN,2008-03-18,,37
543,Ashlee Nelson,81679520,2005-09-01,ACTIVE,2025-11-19,,37
544,Dominga Ramírez Riba,80827157,2006-04-08,ACTIVE,2026-01-27,,37
545,Maria Thomas,92397439,2006-03-07,ACTIVE,2026-01-13,,37
546,Cesar Donaire,96304920,2005-06-09,WITHDRAWN,2005-06-09,,37
547,Jennifer Watkins,97174133,2008-08-04,ACTIVE,2025-07-24,,37
548,Chema Cantón Ferrando,87786325,2008-10-27,ACTIVE,2026-01-29,,37
549,Sally Castro,90080667,2005-02-17,ACTIVE,2025-05-27,,37
550,Amor Calderon Miguel,90151355,2005-07-22,ACTIVE,2025-12-14,,37
551,Quique Danilo Puente Farré,86460790,2008-05-21,ACTIVE,2025-09-11,,37
552,Luz Zamora Jaén,86306921,2001-12-20,WITHDRAWN,2001-12-20,,37
553,Pánfilo Rey-Mayo,92582204,2007-03-27,ACTIVE,2025-12-02,,37
554,Robert Trujillo,99636280,2010-02-11,ACTIVE,2025-11-22,,37
555,Tamara Ingram,87446722,2002-10-31,ACTIVE,2025-08-13,,37
556,Anselma Barroso,90997283,2006-01-20,WITHDRAWN,2006-01-20,,38
557,Kenneth Reynolds,80285333,2003-01-14,COMPLETED,2025-06-01,6.47,38
558,Michael Davis,90435179,2007-03-27,WITHDRAWN,2007-03-27,,38
559,Fabiola Sáenz Quintana,91969651,2006-07-29,ACTIVE,2025-10-16,,38
560,Íngrid Violeta Coll Espejo,93915168,2005-02-23,ACTIVE,2025-09-11,,38
561,Eliana Arnau López,92931448,2002-06-20,WITHDRAWN,2002-06-20,,38
562,Chad Ball,94954837,2004-05-21,ACTIVE,2025-12-07,,38
563,Jacinto Luis Ángel Agullo Iborra,88676410,2004-07-06,ACTIVE,2025-08-21,,38
564,Gastón Velázquez Teruel,93950432,2003-01-26,COMPLETED,2025-07-10,8.35,38
565,Gina Johnson,93681659,2004-02-27,ACTIVE,2025-03-22,,38
566,Venceslás Barroso,83376610,2002-12-13,WITHDRAWN,2002-12-13,,38
567,Ámbar Montalbán Carpio,84403449,2001-06-02,ACTIVE,2025-12-18,,38
568,Megan Fields,94556729,2007-09-27,WITHDRAWN,2007-09-27,,38
569,Ale de Ojeda,97178532,2007-03-27,WITHDRAWN,2007-03-27,,38
570,Nichole Hamilton,98525024,2008-08-04,WITHDRAWN,2008-08-04,,38
571,Nazario Benítez Herrero,94318227,2008-04-27,COMPLETED,2026-02-09,6.28,39
572,John Noble,85543110,2009-08-14,ACTIVE,2025-07-20,,39
573,Kelly Baker,93066183,2002-02-11,ACTIVE,2025-04-16,,39
574,Amy Gutierrez,82539710,2007-03-26,WITHDRAWN,2007-03-26,,39
575,Cindy Charles,92616984,2006-02-17,WITHDRAWN,2006-02-17,,39
576,Ricarda Llamas Montaña,85821053,2002-05-04,COMPLETED,2025-08-14,7.69,39
577,Anthony Hunt,94080650,2003-01-03,ACTIVE,2025-11-28,,39
578,Felicia Johnston,82400636,2002-08-17,COMPLETED,2025-11-07,7.09,39
579,Shannon Thomas,97798696,2006-09-20,WITHDRAWN,2006-09-20,,39
580,John Mendoza,83250597,2007-12-17,ACTIVE,2025-09-03,,39
581,Todd White,97063546,2006-03-24,WITHDRAWN,2006-03-24,,39
582,Michael Knight,80242135,2001-05-14,COMPLETED,2025-04-07,8.5,39
583,Simón Herranz Asenjo,83609958,2009-09-05,ACTIVE,2025-06-10,,39
584,Salomón de Real,92104996,2008-05-27,ACTIVE,2026-02-12,,39
585,Alba de Carranza,93102466,2009-03-29,ACTIVE,2025-04-05,,39
586,Alexa Rodriguez,91984498,2009-01-04,WITHDRAWN,2009-01-04,,40
587,Micaela Lucena,82487633,2004-03-12,WITHDRAWN,2004-03-12,,40
588,Theresa Williams,80821820,2006-01-19,ACTIVE,2025-08-26,,40
589,Pacífica Oliveras Vazquez,84941939,2008-01-27,ACTIVE,2026-03-01,,40
590,María Luisa Berenguer Jiménez,89287633,2008-07-08,ACTIVE,2025-09-01,,40
591,Nicholas Davis,99470376,2007-05-27,ACTIVE,2025-09-21,,40
592,Alex Escalona-Pavón,84372035,2007-07-26,ACTIVE,2025-06-24,,40
593,Jose Carlos Garzón Ugarte,89582447,2003-03-06,WITHDRAWN,2003-03-06,,40
594,Jonatan Quevedo Blanch,87957132,2007-11-11,WITHDRAWN,2007-11-11,,40
595,Basilio de Lluch,96013340,2005-08-11,ACTIVE,2025-07-03,,40
596,Martin Perez Sosa,89630886,2009-01-28,COMPLETED,2025-12-21,6.28,40
597,Filomena Cisneros,94654499,2009-12-01,ACTIVE,2025-10-04,,40
598,Christopher Ayers,98973760,2008-08-22,ACTIVE,2025-11-03,,40
599,Garrett Green,85848851,2007-06-11,ACTIVE,2025-08-04,,40
600,Shannon Murphy,91649583,2001-09-22,ACTIVE,2025-12-31,,40
601,Ciriaco Méndez Aznar,84298154,2005-12-22,WITHDRAWN,2005-12-22,,41
602,Rebecca Day,88925063,2002-10-25,ACTIVE,2026-02-12,,41
603,Narcisa Delgado Arnau,84464601,2004-12-15,ACTIVE,2025-07-31,,41
604,Kevin Crosby,81399026,2004-09-18,ACTIVE,2025-07-07,,41
605,Josefina del Rincón,87692245,2009-05-23,ACTIVE,2025-08-06,,41
606,Danielle Fischer,95753154,2006-08-24,ACTIVE,2025-06-17,,41
607,Kimberly Lewis,92099928,2002-01-12,WITHDRAWN,2002-01-12,,41
608,Jack Lambert,92117491,2004-07-18,WITHDRAWN,2004-07-18,,41
609,Bryan Smith,98389755,2006-09-19,WITHDRAWN,2006-09-19,,41
610,Mariah Ramos,81269504,2009-03-14,ACTIVE,2025-10-01,,41
611,Jennifer Acevedo,94334572,2005-05-01,WITHDRAWN,2005-05-01,,41
612,Ruy Hernández Pineda,97947320,2003-11-28,ACTIVE,2025-08-10,,41
613,Juan Pablo Colom Gaya,81844991,2005-02-21,ACTIVE,2025-07-17,,41
614,Santos Manjón Casanova,96201024,2006-11-12,ACTIVE,2025-10-31,,41
615,Karen Williams,84583080,2003-01-04,WITHDRAWN,2003-01-04,,41
616,April Pruitt,98600881,2002-06-15,ACTIVE,2025-12-12,,42
617,Randy Gonzalez,95315332,2007-07-17,ACTIVE,2025-05-07,,42
618,Melania Mora Casanova,80768601,2005-09-13,ACTIVE,2026-03-01,,42
619,Kenneth Olson III,81121130,2008-07-09,ACTIVE,2025-07-14,,42
620,Jenaro Romero Pizarro,83380474,2004-10-28,COMPLETED,2025-06-22,9.43,42
621,Calisto del Gomez,84453439,2006-05-10,ACTIVE,2025-03-26,,42
622,Sarah Williams,83469134,2003-03-31,ACTIVE,2025-07-25,,42
623,Christine Garcia,97115730,2003-04-21,ACTIVE,2025-06-29,,42
624,Reyna Villalobos Julián,96271903,2002-12-16,COMPLETED,2025-11-26,7.16,42
625,Ismael Muro,80061039,2006-10-05,ACTIVE,2025-05-16,,42
626,Pamela Collins MD,91870482,2006-03-17,ACTIVE,2025-09-08,,42
627,Linda Bolton,96526768,2009-04-19,COMPLETED,2025-04-08,9.49,42
628,Silvio Pla Solera,83931182,2001-07-26,ACTIVE,2025-10-28,,42
629,Carl Massey,93831149,2007-11-20,ACTIVE,2025-04-23,,42
630,Asunción Barbero Montesinos,82814563,2006-10-31,COMPLETED,2025-06-09,6.35,42
631,Richard Anderson,83942048,2009-01-03,ACTIVE,2025-10-04,,43
632,Megan Stewart,87363047,2005-06-27,ACTIVE,2025-10-27,,43
633,Sara Estrada Bustamante,87256355,2004-03-08,ACTIVE,2025-05-30,,43
634,Deborah Owens,95282749,2002-05-07,ACTIVE,2025-10-15,,43
635,Leslie Rios,99783960,2006-11-20,COMPLETED,2026-02-01,6.45,43
636,Belen Garriga-Barros,91541746,2007-07-19,ACTIVE,2026-02-24,,43
637,Gerardo Gárate Mena,95047419,2006-04-29,COMPLETED,2025-09-20,8.33,43
638,Cloe Moreno Lucena,98679457,2006-01-11,ACTIVE,2026-01-01,,43
639,Joshua Jones,98870218,2003-05-24,ACTIVE,2025-09-30,,43
640,Julia del Cuéllar,93991776,2005-03-20,ACTIVE,2025-04-19,,43
641,Baudelio Acevedo-Saavedra,89635760,2010-02-25,COMPLETED,2025-05-24,8.6,43
642,Chelo Ferrández Noriega,88308292,2008-03-15,COMPLETED,2025-12-18,6.95,43
643,Cristina Cifuentes Pinedo,92330708,2004-08-10,WITHDRAWN,2004-08-10,,43
644,Alicia Martinez,96704620,2003-11-13,COMPLETED,2025-06-04,7.39,43
645,Matthew Davis,88896952,2007-02-08,WITHDRAWN,2007-02-08,,43
646,Rosenda Viana-Rojas,85968299,2002-10-09,ACTIVE,2025-05-08,,44
647,Olimpia Toledo Aguado,96026876,2004-02-17,ACTIVE,2025-05-01,,44
648,Nicole Walker,97135944,2005-08-23,COMPLETED,2026-02-14,6.48,44
649,Ryan Wood,95733014,2009-08-21,ACTIVE,2025-06-27,,44
650,Billy Miller,98737112,2002-08-31,WITHDRAWN,2002-08-31,,44
651,Deanna Mendoza,88780154,2003-04-30,ACTIVE,2025-04-26,,44
652,Jeffrey Anderson,91000136,2005-08-02,ACTIVE,2025-06-06,,44
653,Ruth Mccullough,93208024,2001-12-17,ACTIVE,2025-11-08,,44
654,James Webster,93395362,2007-06-13,ACTIVE,2025-03-18,,44
655,Brandon Mills,93042809,2002-08-10,ACTIVE,2025-11-10,,44
656,John Rojas,82516176,2009-04-30,ACTIVE,2025-11-17,,44
657,Troy Leblanc,87570771,2006-12-28,ACTIVE,2025-10-02,,44
658,Débora Salom Gabaldón,92508737,2007-02-08,ACTIVE,2025-06-11,,44
659,Evelia Ávila-Hurtado,98759078,2003-06-25,ACTIVE,2025-03-19,,44
660,Judith Maristela Castells Bermúdez,90404674,2008-04-23,WITHDRAWN,2008-04-23,,44
661,Cándida Polo Piquer,85768272,2008-08-06,ACTIVE,2025-05-22,,45
662,Tomasa Salvador Laguna,80458936,2009-05-26,COMPLETED,2026-01-09,7.38,45
663,Chase Rice,80806124,2007-08-12,ACTIVE,2025-06-18,,45
664,Sheila Ayala,85484181,2004-08-25,ACTIVE,2025-08-09,,45
665,Zachary Garcia MD,90027104,2005-09-04,WITHDRAWN,2005-09-04,,45
666,Carlos Palma Cobos,94967730,2006-05-22,ACTIVE,2025-09-16,,45
667,Miguel Cortés Llopis,89551560,2003-08-07,COMPLETED,2026-02-22,7.81,45
668,Heather Johnson,94081946,2007-02-15,ACTIVE,2025-12-03,,45
669,Graciano Madrigal Moya,87621503,2005-05-05,ACTIVE,2025-04-27,,45
670,Mikayla Jensen,88682987,2008-03-13,ACTIVE,2025-08-12,,45
671,Remedios Águila-Tolosa,98400070,2006-02-18,ACTIVE,2025-06-13,,45
672,Emiliana de Oliver,86053493,2006-03-25,ACTIVE,2025-05-12,,45
673,James Pena,98424320,2009-08-05,ACTIVE,2025-03-21,,45
674,Gaspar Manu Campillo Asenjo,84415137,2008-10-16,ACTIVE,2025-05-24,,45
675,Ronald Roberts,87808038,2006-07-31,ACTIVE,2025-07-29,,45
676,Bradley Anderson,99179715,2009-06-05,ACTIVE,2026-01-13,,46
677,Javiera Arana Uribe,89955526,2002-08-17,ACTIVE,2025-10-27,,46
678,Robert Graves,98034279,2006-09-22,ACTIVE,2025-05-01,,46
679,Sharon Nash,94450910,2004-02-10,ACTIVE,2025-12-03,,46
680,José Mari Lorenzo Gallo,81182397,2008-11-23,ACTIVE,2026-01-16,,46
681,Monique Mendez,89626773,2008-07-02,ACTIVE,2025-10-31,,46
682,Melanie Beck,96741885,2003-10-21,ACTIVE,2025-07-24,,46
683,Marino María Alemany Amaya,80525429,2001-08-24,ACTIVE,2025-06-03,,46
684,Elba Sanmartín Gomez,82015073,2007-02-18,ACTIVE,2025-12-17,,46
685,Thomas Ray,94224823,2003-03-26,WITHDRAWN,2003-03-26,,46
686,Charles Torres,99050499,2005-12-11,ACTIVE,2026-02-03,,46
687,Elisa Fátima Pellicer Rozas,91414628,2001-08-18,ACTIVE,2026-03-11,,46
688,Tracy Meyer,97550679,2010-01-28,WITHDRAWN,2010-01-28,,46
689,Shawn Thompson,99888124,2004-05-24,ACTIVE,2025-06-05,,46
690,Daniel Torres,80611741,2003-10-12,ACTIVE,2025-07-07,,46
691,Emilia Arroyo,89324908,2007-01-03,ACTIVE,2025-08-04,,47
692,Seve Laguna Arias,80303694,2004-06-01,ACTIVE,2025-11-27,,47
693,Craig Robertson,96147021,2008-09-19,COMPLETED,2025-05-21,6.36,47
694,Ramiro Escrivá Hurtado,85895445,2002-10-17,ACTIVE,2025-06-20,,47
695,Aristides Ferrán Carlos,89572927,2003-06-11,ACTIVE,2026-02-05,,47
696,Steven Black,80305920,2004-10-17,WITHDRAWN,2004-10-17,,47
697,Stephanie Bates,86591708,2002-10-27,ACTIVE,2025-03-18,,47
698,Daniel Cooper,96135941,2004-07-24,COMPLETED,2025-03-24,7.08,47
699,Luis Ángel Ochoa Bárcena,94564643,2007-04-08,WITHDRAWN,2007-04-08,,47
700,Christopher Mccoy,97691424,2006-01-19,WITHDRAWN,2006-01-19,,47
701,Erika White,93446036,2009-10-07,ACTIVE,2026-02-22,,47
702,Kristopher Nolan,85729388,2008-10-11,ACTIVE,2025-05-27,,47
703,Laura King,97103975,2007-06-25,ACTIVE,2025-09-28,,47
704,Juanito de Soto,88972580,2003-09-10,ACTIVE,2026-01-02,,47
705,Mauricio Cepeda Azcona,96868191,2007-06-01,ACTIVE,2025-08-13,,47
706,Ramiro Pareja,86846299,2001-09-02,COMPLETED,2026-01-07,8.59,48
707,David Robinson DDS,92017646,2006-09-30,ACTIVE,2025-06-10,,48
708,Petrona Ayala Bas,91138693,2009-10-17,ACTIVE,2025-12-15,,48
709,Scott Sharp,88949100,2005-11-25,ACTIVE,2025-11-12,,48
710,Aura Villalobos Prada,97090650,2004-05-27,WITHDRAWN,2004-05-27,,48
711,Julián Folch Ribera,86367234,2002-01-07,WITHDRAWN,2002-01-07,,48
712,Omar Diéguez Valle,89293973,2009-06-21,ACTIVE,2025-11-21,,48
713,Monica Snow,88666380,2004-02-18,ACTIVE,2025-04-25,,48
714,Antonio Harris MD,85292776,2005-10-27,COMPLETED,2026-02-22,9.08,48
715,Abigail Zhang,82675387,2007-05-18,ACTIVE,2025-04-18,,48
716,Sarah Brown,93500753,2008-03-06,ACTIVE,2025-08-28,,48
717,Josefa Pardo,94125495,2002-01-19,ACTIVE,2025-03-16,,48
718,Úrsula Ugarte,93195201,2007-04-05,ACTIVE,2025-05-15,,48
719,Joshua Mcgrath,93191923,2008-06-08,ACTIVE,2025-08-24,,48
720,Manolo Llanos Pareja,89790746,2003-05-28,WITHDRAWN,2003-05-28,,48
721,Scott Taylor,93466512,2004-01-24,WITHDRAWN,2004-01-24,,49
722,Jason Burton,84609796,2009-10-11,ACTIVE,2025-08-09,,49
723,Isaías Alberto Pino,85645601,2005-10-18,ACTIVE,2025-05-24,,49
724,Jerónimo Arrieta Valderrama,87741897,2006-04-09,WITHDRAWN,2006-04-09,,49
725,Gregory Love,87594515,2006-06-23,COMPLETED,2025-04-28,7.58,49
726,Arturo Ibáñez Lumbreras,98188919,2005-03-01,ACTIVE,2025-10-24,,49
727,Adela Rosa María Iglesias Fernández,98242091,2004-02-10,ACTIVE,2025-05-20,,49
728,Lorena de Espinosa,96020993,2002-10-18,ACTIVE,2025-10-25,,49
729,Deanna Powell,96390547,2002-02-24,ACTIVE,2025-03-17,,49
730,Fidel de Nieto,98431704,2005-10-16,COMPLETED,2025-09-11,9.48,49
731,Charles Murray,97262813,2003-12-09,ACTIVE,2026-01-06,,49
732,Paloma Esparza Antúnez,91134549,2001-05-20,WITHDRAWN,2001-05-20,,49
733,Brittany Smith,94205727,2001-12-24,COMPLETED,2025-08-22,8.14,49
734,Matthew Allen,83802422,2002-06-28,ACTIVE,2025-09-19,,49
735,Meghan Flores,83669684,2003-03-18,ACTIVE,2025-09-10,,49
736,Mireia Ramis Gual,96217545,2007-12-13,ACTIVE,2026-01-11,,50
737,Brian Coleman,81704794,2006-02-07,ACTIVE,2025-08-18,,50
738,Vanessa Mosley,87114642,2006-05-11,ACTIVE,2025-04-17,,50
739,Donato Jover Solano,82430946,2003-04-09,ACTIVE,2025-06-14,,50
740,Angelita Tormo Bou,90623042,2009-07-09,WITHDRAWN,2009-07-09,,50
741,John Castillo,81409944,2005-08-24,COMPLETED,2025-12-23,7.07,50
742,Nilda Almazán,97143312,2004-01-23,COMPLETED,2026-01-03,8.04,50
743,Mary Gonzales,90022440,2006-05-13,ACTIVE,2025-07-14,,50
744,Flavio Peñalver Aliaga,91212616,2004-01-19,ACTIVE,2025-07-26,,50
745,Juan Moya Escribano,98063182,2008-03-14,ACTIVE,2026-02-06,,50
746,Rebecca Allen,97519667,2009-03-07,ACTIVE,2025-09-22,,50
747,Jennifer Castillo MD,89281645,2001-04-16,ACTIVE,2025-11-13,,50
748,Austin Stone,96667449,2010-03-02,ACTIVE,2025-03-15,,50
749,Armida de Gallego,97435327,2010-03-07,COMPLETED,2025-10-30,7.29,50
750,Jeremías Ferrándiz,88952960,2006-11-28,ACTIVE,2025-07-24,,50
751,Anna Fuentes,90151726,2002-04-02,COMPLETED,2025-03-12,9.46,51
752,Narcisa Almagro Cañas,90953102,2008-05-08,ACTIVE,2025-12-27,,51
753,Sebastian Ibañez Dominguez,99294352,2010-01-15,WITHDRAWN,2010-01-15,,51
754,Leonel del Morcillo,87469357,2008-05-28,ACTIVE,2025-09-16,,51
755,Matthew Gonzalez MD,88630980,2008-03-08,COMPLETED,2025-03-20,7.92,51
756,Todd Gomez,82760305,2005-11-08,ACTIVE,2025-06-03,,51
757,Lauren Spears,92647712,2004-10-27,ACTIVE,2025-05-22,,51
758,Christine Fowler,88569397,2005-11-11,WITHDRAWN,2005-11-11,,51
759,Jay Bond,86485004,2005-11-05,WITHDRAWN,2005-11-05,,51
760,Felix Salamanca Roselló,96003831,2004-06-04,ACTIVE,2025-08-29,,51
761,Humberto Giménez Iborra,90107314,2008-03-03,COMPLETED,2025-12-31,6.8,51
762,Omar Walsh,98284485,2005-08-13,COMPLETED,2025-07-04,6.81,51
763,Ezequiel Ortega García,98234100,2007-10-29,ACTIVE,2025-08-17,,51
764,Amanda Zimmerman,90669230,2009-01-01,WITHDRAWN,2009-01-01,,51
765,Nazario Cantero Iglesia,89158130,2003-08-10,ACTIVE,2025-03-23,,51
766,David Mckinney,90673053,2007-11-01,ACTIVE,2025-04-07,,52
767,Darío Garzón Busquets,80404708,2001-06-24,COMPLETED,2025-09-18,7.34,52
768,Estrella Vergara Amador,95393405,2002-04-14,COMPLETED,2025-06-08,6.35,52
769,Valeria Valcárcel Huerta,82649394,2002-06-01,ACTIVE,2025-09-22,,52
770,Jennifer Smith,97556477,2009-07-14,COMPLETED,2026-03-12,6.28,52
771,Austin Brown,98168813,2004-09-21,ACTIVE,2025-10-27,,52
772,Jonathan Livingston,93348228,2008-11-27,ACTIVE,2025-11-24,,52
773,Angelina Amada Céspedes Marti,84361071,2003-08-19,WITHDRAWN,2003-08-19,,52
774,Elizabeth Morales,87219272,2002-09-17,WITHDRAWN,2002-09-17,,52
775,Lola Antón Acosta,89768780,2007-06-07,ACTIVE,2025-12-24,,52
776,Stephanie Hawkins,88828087,2002-06-12,ACTIVE,2025-08-01,,52
777,Teodosio Exposito Cid,97148941,2001-06-16,ACTIVE,2025-04-18,,52
778,Derrick Morales,93296296,2002-02-01,ACTIVE,2025-09-08,,52
779,Austin Hill,85440413,2003-11-29,ACTIVE,2025-05-27,,52
780,Javi Cecilio Sobrino Sevilla,91451694,2003-04-11,ACTIVE,2025-06-17,,52
781,Haley Keller,94572446,2005-12-06,ACTIVE,2025-03-21,,53
782,Cristian Ruiz Cuadrado,98763942,2001-05-29,ACTIVE,2025-04-16,,53
783,Tiburcio de Cantero,80842263,2009-12-27,ACTIVE,2026-01-13,,53
784,Mary Vasquez,81385379,2004-03-06,ACTIVE,2026-02-28,,53
785,Merche Iriarte,88361383,2002-06-13,ACTIVE,2025-08-25,,53
786,Reinaldo Paredes Jove,96668695,2002-05-05,ACTIVE,2025-04-16,,53
787,Silvia Agustín,92164053,2007-07-17,COMPLETED,2025-05-03,8.46,53
788,Brandy Cole,94797703,2007-05-05,ACTIVE,2025-06-15,,53
789,Encarna del Angulo,98691386,2004-07-16,WITHDRAWN,2004-07-16,,53
790,Cornelio Jerez Huerta,86247022,2008-04-08,ACTIVE,2025-07-27,,53
791,Roberta Segura Mas,94747366,2009-06-07,COMPLETED,2025-09-23,6.4,53
792,Basilio Salgado Beltrán,83355809,2004-04-21,ACTIVE,2025-10-10,,53
793,Berta Chus Rozas Fernandez,96935967,2009-06-25,ACTIVE,2026-02-23,,53
794,Jenny Donaire,96931416,2009-05-30,ACTIVE,2026-01-19,,53
795,Galo del Rivas,97092082,2008-08-10,COMPLETED,2025-06-25,8.49,53
796,Sigfrido Cobo Gras,93847975,2008-02-03,ACTIVE,2025-03-16,,54
797,David Walker,94171252,2005-10-15,ACTIVE,2025-07-01,,54
798,Francisco Jose Mas Tomas,93315202,2005-04-02,COMPLETED,2026-02-12,8.82,54
799,Fidela Pujadas Gelabert,89247810,2008-10-07,ACTIVE,2025-10-02,,54
800,Caleb Evans,86141850,2006-06-13,COMPLETED,2025-07-08,7.58,54
801,Macarena Ledesma-Mínguez,82810376,2004-06-04,ACTIVE,2025-06-29,,54
802,Jeremy Meyer,96210216,2005-05-04,ACTIVE,2026-01-08,,54
803,Loida Barral Aller,82873473,2003-08-05,COMPLETED,2025-07-19,6.52,54
804,Eduardo Harrell,83012101,2009-11-26,ACTIVE,2025-07-20,,54
805,Azeneth Naranjo Cordero,81703201,2006-08-15,ACTIVE,2025-07-22,,54
806,Charles Rodriguez,85389221,2005-01-10,ACTIVE,2025-08-16,,54
807,Evaristo Murcia-Puga,96532880,2008-10-11,COMPLETED,2025-04-13,8.95,54
808,Yolanda Mann,89552541,2003-07-27,WITHDRAWN,2003-07-27,,54
809,William Odom,95494166,2008-07-30,ACTIVE,2025-06-12,,54
810,Tanya Lynn,92324857,2003-08-27,ACTIVE,2025-04-06,,54
811,Fabio Olivé Zamora,85451361,2009-08-08,COMPLETED,2025-09-20,6.03,55
812,Alicia Hill,97298348,2002-03-04,COMPLETED,2025-07-15,6.42,55
813,Richard Davis,88195244,2008-12-04,ACTIVE,2026-02-27,,55
814,William Acosta,85704058,2001-04-09,ACTIVE,2026-02-09,,55
815,Veronica Cruz,88393528,2008-09-28,WITHDRAWN,2008-09-28,,55
816,Rachel Mccarthy,99263704,2007-07-25,COMPLETED,2025-03-29,7.62,55
817,Dulce Espejo-Espejo,98120752,2005-11-21,ACTIVE,2025-08-18,,55
818,Cayetano Peña-Vara,82304187,2008-07-09,WITHDRAWN,2008-07-09,,55
819,Pía Gibert Peinado,83470481,2006-01-31,ACTIVE,2025-07-29,,55
820,Nilda Fábregas Llorente,92238853,2008-06-08,ACTIVE,2025-12-20,,55
821,Nerea Borrego Noguera,94380922,2004-05-08,COMPLETED,2025-08-30,8.53,55
822,Xavier del Cervantes,83067050,2008-01-26,WITHDRAWN,2008-01-26,,55
823,Maximiano Piñol Ureña,99897289,2001-09-07,ACTIVE,2025-04-11,,55
824,Sara Villalobos Pozo,83711700,2007-07-15,ACTIVE,2025-11-28,,55
825,Scott Bullock,89304515,2002-04-03,WITHDRAWN,2002-04-03,,55
826,Julio Camps Valenciano,98019609,2001-11-17,WITHDRAWN,2001-11-17,,56
827,Kenneth Mckenzie,91247442,2006-07-18,COMPLETED,2026-01-16,7.15,56
828,Sosimo Ildefonso Frías Sandoval,87390539,2001-10-21,COMPLETED,2025-06-26,6.31,56
829,Adam Walker,97154180,2004-07-09,WITHDRAWN,2004-07-09,,56
830,Alexander Sullivan,87828931,2006-10-09,ACTIVE,2025-08-09,,56
831,Joshua Smith,95696295,2009-01-14,ACTIVE,2025-09-09,,56
832,Maite Orozco-Cabanillas,92317864,2001-11-10,ACTIVE,2025-09-21,,56
833,Shawn Miranda,93960451,2008-03-03,COMPLETED,2026-03-08,8.09,56
834,Meredith Rowe MD,98347497,2004-12-01,ACTIVE,2026-02-12,,56
835,Alicia Werner,81499828,2001-11-19,WITHDRAWN,2001-11-19,,56
836,Scott Hill,96432100,2002-08-11,COMPLETED,2026-02-10,7.55,56
837,Teófilo Enrique Maestre Alcalde,85280863,2004-04-29,ACTIVE,2025-03-21,,56
838,Shirley Miller,93376828,2006-11-13,ACTIVE,2025-08-01,,56
839,Jennifer Lane,99603314,2002-10-25,ACTIVE,2026-02-25,,56
840,Lauren Parker,93446806,2006-05-21,WITHDRAWN,2006-05-21,,56
841,Michele Hernandez,83799448,2002-08-08,COMPLETED,2025-04-25,9.13,57
842,Eric Jones,94077311,2005-03-21,WITHDRAWN,2005-03-21,,57
843,Megan Jones,80440017,2006-09-06,COMPLETED,2025-12-29,6.57,57
844,Christopher Garza,92217733,2006-10-24,WITHDRAWN,2006-10-24,,57
845,Bernabé Lluch Carbonell,87195321,2008-12-01,WITHDRAWN,2008-12-01,,57
846,Luis Barriga Porras,98979993,2004-06-13,ACTIVE,2026-03-10,,57
847,Brenda Oconnor,86998041,2005-04-16,ACTIVE,2025-12-17,,57
848,Shane Garcia,86038001,2009-10-09,ACTIVE,2025-08-10,,57
849,Matthew Harrell,85544178,2004-03-04,COMPLETED,2025-08-16,7.44,57
850,Kathryn Hughes,93087132,2009-09-05,ACTIVE,2025-08-04,,57
851,Brittany Sanchez,97354308,2005-07-15,ACTIVE,2025-06-29,,57
852,Rebecca Guerrero,88184163,2006-11-22,ACTIVE,2025-09-07,,57
853,Jamie Chung,86976051,2004-02-18,ACTIVE,2025-06-22,,57
854,Vincent Bell,93431009,2005-07-29,ACTIVE,2025-08-24,,57
855,Natalia del Rosell,99894500,2004-09-01,ACTIVE,2025-04-28,,57
856,Pilar Romeu Olivares,92192870,2003-07-14,ACTIVE,2026-03-11,,58
857,James Wilson,96658999,2008-09-20,ACTIVE,2026-01-13,,58
858,Deanna Kennedy,88874289,2004-10-09,ACTIVE,2026-01-11,,58
859,Manola Sastre,86529002,2008-04-09,ACTIVE,2025-06-27,,58
860,Francisco Jose Sevillano Palomo,87300482,2010-01-03,COMPLETED,2025-09-13,7.9,58
861,Abraham Tomás Nogueira,81636360,2002-09-21,COMPLETED,2025-03-16,7.67,58
862,Ricardo Blas Cifuentes Bernal,80491506,2005-03-30,ACTIVE,2025-03-19,,58
863,Roberta Villalba Gras,93277768,2007-12-08,ACTIVE,2025-11-17,,58
864,Mindy Wall,89720425,2005-07-04,COMPLETED,2025-04-03,9.1,58
865,Otilia Tamayo Pujadas,91392519,2006-10-15,ACTIVE,2026-03-10,,58
866,Robert Reeves,80985357,2004-09-25,ACTIVE,2025-04-10,,58
867,Ale Mármol Chamorro,91741922,2003-05-07,COMPLETED,2025-12-12,8.03,58
868,Bautista Sanchez Cepeda,91261108,2007-08-02,WITHDRAWN,2007-08-02,,58
869,Itziar de Torralba,89662153,2006-01-26,ACTIVE,2025-04-16,,58
870,Tamara Donoso-Belmonte,96608104,2007-06-24,WITHDRAWN,2007-06-24,,58
871,Eric del Yuste,85176783,2003-09-24,COMPLETED,2025-03-17,6.2,59
872,Kevin Ferguson MD,85459653,2005-11-18,WITHDRAWN,2005-11-18,,59
873,Ronnie Massey,91136836,2005-08-09,ACTIVE,2025-10-08,,59
874,Roberto del Ramos,98820605,2008-04-17,ACTIVE,2025-09-30,,59
875,Silvia América Peinado Vigil,96441014,2001-05-29,ACTIVE,2025-05-11,,59
876,Peter Bowman,95417694,2007-10-11,ACTIVE,2025-04-02,,59
877,Kirk Hess,95353741,2006-10-04,COMPLETED,2026-02-17,8.59,59
878,Vincent Hill,88529990,2008-10-24,COMPLETED,2025-08-22,7.75,59
879,Ariel Balaguer Puga,87842805,2002-09-07,ACTIVE,2025-10-29,,59
880,Mariano Hidalgo Perez,99901853,2003-09-16,COMPLETED,2025-07-05,8.26,59
881,Jerry Brock,93797577,2004-12-19,ACTIVE,2025-09-15,,59
882,Emilio Ayllón Cervera,85066563,2004-04-22,WITHDRAWN,2004-04-22,,59
883,Kimberly Scott,94442373,2009-12-19,ACTIVE,2025-09-16,,59
884,Luisina Báez Carnero,90883800,2006-10-18,COMPLETED,2025-10-29,8.43,59
885,Maria English,80733193,2006-02-11,ACTIVE,2025-07-28,,59
886,Renee Snyder,95452123,2004-01-17,ACTIVE,2026-01-28,,60
887,Steven Rose,89239722,2007-03-01,COMPLETED,2025-08-13,8.29,60
888,Bethany Short,90830865,2007-02-19,ACTIVE,2025-12-14,,60
889,Manola Girona Cardona,86427661,2007-07-14,COMPLETED,2025-04-02,9.49,60
890,David Jordan,97973020,2007-05-23,COMPLETED,2025-08-08,7.53,60
891,Fortunato Hugo Ródenas Cortes,99334414,2009-06-04,ACTIVE,2026-02-28,,60
892,Angelita Aragonés Bayo,91671422,2001-06-29,WITHDRAWN,2001-06-29,,60
893,Jonathan Johnston,89630990,2001-06-19,COMPLETED,2025-09-15,7.14,60
894,Bautista Segovia,95584738,2001-12-27,ACTIVE,2025-08-29,,60
895,Larry Chapman,99977934,2005-04-19,ACTIVE,2025-04-23,,60
896,Shawn Lowe,92881904,2002-10-27,WITHDRAWN,2002-10-27,,60
897,Tracy Chavez,94371994,2001-05-18,ACTIVE,2025-08-19,,60
898,Cándida Ibañez Novoa,83602869,2001-06-16,ACTIVE,2025-09-15,,60
899,Lope Marí Rodrigo,82901301,2007-11-02,ACTIVE,2025-07-27,,60
900,Suzanne Jones,81114500,2004-06-21,ACTIVE,2025-08-21,,60
